{
  "silhouette": 0.6779454312995649,
  "davies_bouldin": 0.4620209285669702
}