{
  "silhouette": 0.6086422984715676,
  "davies_bouldin": 0.5480185289143866
}