{
  "mae": 45.28287902773928,
  "rmse": 58.68918970255226,
  "r2": 0.5482984494040505
}