{
  "accuracy": 0.9523809523809523,
  "f1": 0.9518025833815307,
  "auc": 1.0
}