{
  "mae": 0.12441333885800317,
  "rmse": 0.1544583634480258,
  "r2": 0.8850406025658972
}