{
  "silhouette": 0.2299393731158427,
  "davies_bouldin": 1.3986675864262907
}